{"train/loss": 1.4546, "train/grad_norm": 3.6329119205474854, "train/learning_rate": 9e-05, "train/epoch": 3.0, "train/global_step": 96, "_timestamp": 1720422117.0680878, "_runtime": 11.065868854522705, "_step": 3, "train_runtime": 12.5553, "train_samples_per_second": 30.585, "train_steps_per_second": 7.646, "total_flos": 603098998702080.0, "train_loss": 2.4677284558614097, "_wandb": {"runtime": 14}}