{"train/loss": 5.1347, "train/grad_norm": 2.136861801147461, "train/learning_rate": 8e-06, "train/epoch": 3.0, "train/global_step": 96, "_timestamp": 1720419945.5017169, "_runtime": 11.300992965698242, "_step": 3, "train_runtime": 12.7965, "train_samples_per_second": 30.008, "train_steps_per_second": 7.502, "total_flos": 603098998702080.0, "train_loss": 5.224852085113525, "_wandb": {"runtime": 62}}