{"train/loss": 5.142, "train/grad_norm": 2.863816976547241, "train/learning_rate": 8e-06, "train/epoch": 1.0, "train/global_step": 50, "_timestamp": 1720524957.5687308, "_runtime": 5.96556282043457, "_step": 2, "train_runtime": 7.4699, "train_samples_per_second": 26.774, "train_steps_per_second": 6.694, "total_flos": 308211823902720.0, "train_loss": 5.213566284179688, "_wandb": {"runtime": 106}}