{"train/loss": 0.3873, "train/grad_norm": 0.6659693717956543, "train/learning_rate": 0.0008, "train/epoch": 3.0, "train/global_step": 150, "_timestamp": 1720526259.855428, "_runtime": 16.39528489112854, "_step": 6, "train_runtime": 17.9287, "train_samples_per_second": 33.466, "train_steps_per_second": 8.366, "total_flos": 923842337832960.0, "train_loss": 0.6964975102742513, "_wandb": {"runtime": 44}}