{"train/loss": 0.8743, "train/grad_norm": 2.3755176067352295, "train/learning_rate": 0.0002, "train/epoch": 3.0, "train/global_step": 96, "_timestamp": 1720418337.0646029, "_runtime": 11.096292734146118, "_step": 3, "train_runtime": 12.6818, "train_samples_per_second": 30.28, "train_steps_per_second": 7.57, "total_flos": 603098998702080.0, "train_loss": 1.7216247121493022, "_wandb": {"runtime": 19}}