{"train/loss": 5.1802, "train/grad_norm": 2.8074538707733154, "train/learning_rate": 1e-05, "train/epoch": 3.0, "train/global_step": 96, "_timestamp": 1720421836.7691226, "_runtime": 11.256566524505615, "_step": 3, "train_runtime": 12.7631, "train_samples_per_second": 30.087, "train_steps_per_second": 7.522, "total_flos": 603098998702080.0, "train_loss": 5.291809161504109, "_wandb": {"runtime": 57}}