{"train/loss": 0.6276, "train/grad_norm": 1.361230492591858, "train/learning_rate": 0.0008, "train/epoch": 1.0, "train/global_step": 50, "_timestamp": 1720525297.6677911, "_runtime": 6.520256042480469, "_step": 2, "train_runtime": 8.0239, "train_samples_per_second": 24.926, "train_steps_per_second": 6.231, "total_flos": 308211823902720.0, "train_loss": 1.2225349044799805, "_wandb": {"runtime": 24}}