{"train/loss": 4.1165, "train/grad_norm": 3.5274875164031982, "train/learning_rate": 8e-06, "train/epoch": 3.0, "train/global_step": 150, "_timestamp": 1720525129.9455054, "_runtime": 14.470729351043701, "_step": 6, "train_runtime": 15.9503, "train_samples_per_second": 37.617, "train_steps_per_second": 9.404, "total_flos": 923842337832960.0, "train_loss": 4.6492365519205725, "_wandb": {"runtime": 113}}