{"train/loss": 5.419, "train/grad_norm": 1.1903692483901978, "train/learning_rate": 8e-08, "train/epoch": 3.0, "train/global_step": 96, "_timestamp": 1720419835.372282, "_runtime": 11.224362134933472, "_step": 3, "train_runtime": 12.6984, "train_samples_per_second": 30.24, "train_steps_per_second": 7.56, "total_flos": 603098998702080.0, "train_loss": 5.481882492701213, "_wandb": {"runtime": 54}}