{"train/loss": 0.5611, "train/grad_norm": 2.3917465209960938, "train/learning_rate": 8e-05, "train/epoch": 3.0, "train/global_step": 150, "_timestamp": 1720524817.3976157, "_runtime": 14.285799741744995, "_step": 6, "train_runtime": 15.812, "train_samples_per_second": 37.946, "train_steps_per_second": 9.486, "total_flos": 923842337832960.0, "train_loss": 1.7137328147888184, "_wandb": {"runtime": 36}}