{"train/loss": 2.4002, "train/grad_norm": 25.633146286010742, "train/learning_rate": 2e-06, "train/epoch": 1.0, "train/global_step": 32, "_timestamp": 1720418779.4552665, "_runtime": 142.03398537635803, "_step": 3, "train_runtime": 60.405, "train_samples_per_second": 2.119, "train_steps_per_second": 0.53, "total_flos": 201233506664448.0, "train_loss": 2.1051586866378784, "_wandb": {"runtime": 141}}