{"train/loss": 0.3803, "train/grad_norm": 0.6738287210464478, "train/learning_rate": 0.0008, "train/epoch": 3.0, "train/global_step": 150, "_timestamp": 1724756965.5775921, "_runtime": 323.72563123703003, "_step": 15, "train_runtime": 12.5403, "train_samples_per_second": 47.846, "train_steps_per_second": 11.961, "total_flos": 923525084282880.0, "train_loss": 0.6951537577311198}