{"train/loss": 1.4432, "train/grad_norm": 4.273449897766113, "train/learning_rate": 0.0001, "train/epoch": 3.0, "train/global_step": 96, "_timestamp": 1720421951.2864757, "_runtime": 9.46177077293396, "_step": 3, "train_runtime": 10.9521, "train_samples_per_second": 35.062, "train_steps_per_second": 8.765, "total_flos": 603098998702080.0, "train_loss": 2.400904734929403, "_wandb": {"runtime": 13}}