{"train/loss": 2.5922, "train/grad_norm": 3.268338918685913, "train/learning_rate": 5e-05, "train/epoch": 3.0, "train/global_step": 96, "_timestamp": 1720422025.4974713, "_runtime": 11.221013307571411, "_step": 3, "train_runtime": 12.729, "train_samples_per_second": 30.167, "train_steps_per_second": 7.542, "total_flos": 603098998702080.0, "train_loss": 3.3856807947158813, "_wandb": {"runtime": 23}}