{"train/loss": 0.3392, "train/grad_norm": 10.757852554321289, "train/learning_rate": 2e-06, "train/epoch": 3.0, "train/global_step": 96, "_timestamp": 1720419351.0707743, "_runtime": 177.1317594051361, "_step": 3, "train_runtime": 178.6065, "train_samples_per_second": 2.15, "train_steps_per_second": 0.537, "total_flos": 602907637776384.0, "train_loss": 0.992578312754631, "_wandb": {"runtime": 336}}